image_id,ps_x,ps_y
131aedfhs6pnf1fvtvp49ml751m1ft2q22,0.30529296875,0.30529296875
131aedfhs6pnf1fvtvp49mldx9653nxv22,0.30529296875,0.30529296875
131aedfhs6pnf1fvtvp49mlbfxet8tix22,0.366748046875,0.366748046875
131aedfhs6pnf1fvtvp49mld7mqexnz322,0.25957421875,0.25957421875
131aedfhs6pnf1fvtvp49mlemi1a2kdg22,0.25957421875,0.25957421875
131aedfhs6pnf1fvtvp49mjf04y0vtqu22,0.25957421875,0.25957421875
131aedfhs6pnf1fvtvp49mldx9emed2q22,0.30529296875,0.30529296875
131aedfhs6pnf1fvtvp49mlbfxd5hfoe22,0.366748046875,0.366748046875
131aedfhs6pnf1fvtvp49mlemicfx5gd22,0.25957421875,0.25957421875
131aedfhs6pnf1fvtvp49mlbqwqy6eyr22,0.30529296875,0.30529296875
131aedfhs6pnf1fvtvp49mlctu5epr2422,0.30529296875,0.30529296875
131aedfhs6pnf1fvtvp49mk5l3ra0gpr22,0.30529296875,0.30529296875
131aedfhs6pnf1fvtvp49mk5ysh92uks22,0.30529296875,0.30529296875
131aedfhs6pnf1fvtvp49ml751ln830822,0.30529296875,0.30529296875
131aedfhs6pnf1fvtvp49mlbfx87m6p122,0.366748046875,0.366748046875
131aedfhs6pnf1fvtvp49mkf4wa5j1gp22,0.30529296875,0.30529296875
131aedfhs6pnf1fvtvp49mld7ms3ukf722,0.25957421875,0.25957421875
131aedfhs6pnf1fvtvp49mjf02x1fl1f22,0.25957421875,0.25957421875
131aedfhs6pnf1fvtvp49mk5xnqtncru22,0.25957421875,0.25957421875
131aedfhs6pnf1fvtvp49mk5xpr80q1922,0.30529296875,0.30529296875
131aedfhs6pnf1fvtvp49mk5xpwmst8822,0.21626171875,0.21626171875
131aedfhs6pnf1fvtvp49mk5xd7zgtfe22,0.25957421875,0.25957421875
131aedfhs6pnf1fvtvp49mkdrivxlno922,0.30529296875,0.30529296875
131aedfhs6pnf1fvtvp49mjf04wc7y5722,0.25957421875,0.25957421875
131aedfhs6pnf1fvtvp49mldx9duvq9i22,0.30529296875,0.30529296875
131aedfhs6pnf1fvtvp49mld7mlgrpyp22,0.25957421875,0.25957421875
131aedfhs6pnf1fvtvp49mk5ysoi72rl22,0.30529296875,0.30529296875
131aedfhs6pnf1fvtvp49mld7mqwga4x22,0.25957421875,0.25957421875
131aedfhs6pnf1fvtvp49mlbqwr3hn8622,0.30529296875,0.30529296875
131aedfhs6pnf1fvtvp49ml751jvo26b22,0.30529296875,0.30529296875
131aedfhs6pnf1fvtvp49mm91xpavpff22,0.30529296875,0.30529296875
131aedfhs6pnf1fvtvp49mk5yshtbwpz22,0.30529296875,0.30529296875
131aedfhs6pnf1fvtvp49mlctu6f7vpa22,0.30529296875,0.30529296875
131aedfhs6pnf1fvtvp49mldx95mt90922,0.30529296875,0.30529296875
131aedfhs6pnf1fvtvp49mld7mkigm8722,0.25957421875,0.25957421875
131aedfhs6pnf1fvtvp49mk5xpw6ievy22,0.25957421875,0.25957421875
131aedfhs6pnf1fvtvp49mlemi7dcg5y22,0.30529296875,0.30529296875
131aedfhs6pnf1fvtvp49mk5l3qcg5hh22,0.30529296875,0.30529296875
131aedfhs6pnf1fvtvp49mkdriokw5xe22,0.30529296875,0.30529296875
131aedfhs6pnf1fvtvp49mkdrip3kn1b22,0.30529296875,0.30529296875
131aedfhs6pnf1fvtvp49mk5xpmf8nyk22,0.25957421875,0.25957421875
131aedfhs6pnf1fvtvp49mlctu1tldzz22,0.30529296875,0.30529296875
131aedfhs6pnf1fvtvp49mlemhzjwfu922,0.25957421875,0.25957421875
131aedfhs6pnf1fvtvp49mm91xnvc1ew22,0.30529296875,0.30529296875
131aedfhs6pnf1fvtvp49mkdrivkdrq522,0.30529296875,0.30529296875
131aedfhs6pnf1fvtvp49mk5yskhif6q22,0.21626171875,0.21626171875
131aedfhs6pnf1fvtvp49mkdrinnf72g22,0.30529296875,0.30529296875
131aedfhs6pnf1fvtvp49mlctu20w9qh22,0.30529296875,0.30529296875
131aedfhs6pnf1fvtvp49mlemi2tt9w022,0.25957421875,0.25957421875
13c2ur5452xb62wphb959tewknprp1b4,0.308,0.308
131aedfhs6pnf1fvtvp49mia86yesh2i22,0.25957421875,0.25957421875
131aedfhs6pnf1fvtvp49mgcf8v835p622,0.30529296875,0.30529296875
131aedfhs6pnf1fvtvp49jxvwaa9o9po22,0.30529296875,0.30529296875
131aedfhs6pnf1fvtvp49jvrnoxyphgh22,0.25957421875,0.25957421875
131aedfhs6pnf1fvtvp49jyuzi97x0uh22,0.30529296875,0.30529296875
131aedfhs6pnf1fvtvp49h4bhdo5sta322,0.30529296875,0.30529296875
131aedfhs6pnf1fvtvp493iu1n8gd3gs22,0.25957421875,0.25957421875
131aedfhs6pnf1fvtvp493iu1na8zz7s22,0.25957421875,0.25957421875
131aedfhs6pnf1fvtvp498txzz76dlsx22,0.30529296875,0.30529296875
131aedfhs6pnf1fvtvp49jxuh4vuvar522,0.30529296875,0.30529296875
131aedfhs6pnf1fvtvp49mif6sem5a5q22,0.366748046875,0.366748046875
131aedfhs6pnf1fvtvp49mif6sfpum6h22,0.30529296875,0.30529296875
131aedfhs6pnf1fvtvp49mfhjwmxomzo22,0.30529296875,0.30529296875
131aedfhs6pnf1fvtvp49mj8lu0x093r22,0.366748046875,0.366748046875
131aedfhs6pnf1fvtvp493iu1nekk6h022,0.25957421875,0.25957421875
131aedfhs6pnf1fvtvp49mi8hml81goj22,0.30529296875,0.30529296875
13c2ur5452xb62wphb959tewknprozmk,0.433125,0.433125
131aedfhs6pnf1fvtvp49jvrnojknop322,0.25957421875,0.25957421875
131aedfhs6pnf1fvtvp49mg85r9wupiz22,0.30529296875,0.30529296875
131aedfhs6pnf1fvtvp49jzp4twiypve22,0.30529296875,0.30529296875
131aedfhs6pnf1fvtvp49jxos86jext822,0.30529296875,0.30529296875
131aedfhs6pnf1fvtvp49mj8mmgoy05222,0.30529296875,0.30529296875
131aedfhs6pnf1fvtvp49ee0uli12bvs22,0.30529296875,0.30529296875
131aedfhs6pnf1fvtvp49mifkdag4lfk22,0.30529296875,0.30529296875
13c2ur5452xb62wphb959tewknprp36b,0.433125,0.433125
131aedfhs6pnf1fvtvp49joxclbvdd1122,0.30529296875,0.30529296875
131aedfhs6pnf1fvtvp49mif6s98nrny22,0.25957421875,0.25957421875
131aedfhs6pnf1fvtvp49mgcf8x5lux822,0.366748046875,0.366748046875
131aedfhs6pnf1fvtvp49mgcf93bdtro22,0.30529296875,0.30529296875
131aedfhs6pnf1fvtvp49mj5g3u4fe2y22,0.366748046875,0.366748046875
131aedfhs6pnf1fvtvp49mff2pw4q7zi22,0.25957421875,0.25957421875
131aedfhs6pnf1fvtvp498txzz97ejs822,0.25957421875,0.25957421875
131aedfhs6pnf1fvtvp49mj5g3tlqlef22,0.30529296875,0.30529296875
131aedfhs6pnf1fvtvp49mja0v4y3q9222,0.30529296875,0.30529296875
131aedfhs6pnf1fvtvp49mif6s8713x022,0.25957421875,0.25957421875
131aedfhs6pnf1fvtvp49mjbhco676e622,0.30529296875,0.30529296875
131aedfhs6pnf1fvtvp49mh7wxj2igom22,0.30529296875,0.30529296875
131aedfhs6pnf1fvtvp49h4bhdnqtafr22,0.30529296875,0.30529296875
131aedfhs6pnf1fvtvp49mia86x4goxz22,0.25957421875,0.25957421875
131aedfhs6pnf1fvtvp49mh7wxkodv0522,0.30529296875,0.30529296875
131aedfhs6pnf1fvtvp49mh7xyk3t1vq22,0.30529296875,0.30529296875
131aedfhs6pnf1fvtvp49mh7wxejmrb922,0.30529296875,0.30529296875
131aedfhs6pnf1fvtvp49jxvwad3c0hk22,0.30529296875,0.30529296875
131aedfhs6pnf1fvtvp49mfhjwt6gfsa22,0.30529296875,0.30529296875
131aedfhs6pnf1fvtvp498wvamohw0xf22,0.30529296875,0.30529296875
131aedfhs6pnf1fvtvp49mja0uu4wo3522,0.30529296875,0.30529296875
131aedfhs6pnf1fvtvp49jyuzi7218vv22,0.30529296875,0.30529296875
13c2ur5452xb62wphb959tewknprp354,0.433125,0.433125
131aedfhs6pnf1fvtvp49jzmz3noharq22,0.30529296875,0.30529296875
13c2ur5452xb62wphb959tewknprozs5,0.433125,0.433125
131aedfhs6pnf1fvtvp49mj5g3qfr3b922,0.30529296875,0.30529296875
131aedfhs6pnf1fvtvp49mg85r5ebddd22,0.30529296875,0.30529296875
131aedfhs6pnf1fvtvp49jxvwadsc7wa22,0.25957421875,0.25957421875
131aedfhs6pnf1fvtvp49mja0v3gmqv522,0.30529296875,0.30529296875
13c2ur5452xb62wphb959tewknprp1cp,0.433125,0.433125
131aedfhs6pnf1fvtvp49mj8mmdylh1622,0.25957421875,0.25957421875
131aedfhs6pnf1fvtvp49mh7wxfrqum122,0.30529296875,0.30529296875
131aedfhs6pnf1fvtvp49mff2pqyfwic22,0.30529296875,0.30529296875
131aedfhs6pnf1fvtvp49jzm9mir1i2k22,0.30529296875,0.30529296875
131aedfhs6pnf1fvtvp49h4bhdmvwf5x22,0.30529296875,0.30529296875
131aedfhs6pnf1fvtvp49mj8ltureo6z22,0.366748046875,0.366748046875
131aedfhs6pnf1fvtvp49mgcf94tilmx22,0.30529296875,0.30529296875
13c2ur5452xb62wphb959tewknprp36e,0.433125,0.433125
131aedfhs6pnf1fvtvp49mj8zcfyonih22,0.30529296875,0.30529296875
131aedfhs6pnf1fvtvp49jvrnoq5zlq022,0.25957421875,0.25957421875
131aedfhs6pnf1fvtvp49jzm9mj1hxrr22,0.25957421875,0.25957421875
131aedfhs6pnf1fvtvp49mh7wxe90n4z22,0.30529296875,0.30529296875
131aedfhs6pnf1fvtvp49mjbu372vfte22,0.366748046875,0.366748046875
131aedfhs6pnf1fvtvp49mi8hmk4m5rt22,0.30529296875,0.30529296875
13c2ur5452xb62wphb959tewknprozle,0.433125,0.433125
131aedfhs6pnf1fvtvp49mj8zcokv3t222,0.30529296875,0.30529296875
131aedfhs6pnf1fvtvp49joxclcke8cz22,0.30529296875,0.30529296875
131aedfhs6pnf1fvtvp49mja0qnjagwy22,0.366748046875,0.366748046875
131aedfhs6pnf1fvtvp49jstofgo1r9j22,0.25957421875,0.25957421875
131aedfhs6pnf1fvtvp49ee0ultplqeo22,0.30529296875,0.30529296875
131aedfhs6pnf1fvtvp49h4bhdjmrenr22,0.30529296875,0.30529296875
131aedfhs6pnf1fvtvp49jzq6gfiuajh22,0.30529296875,0.30529296875
131aedfhs6pnf1fvtvp49juwu7sp3ofs22,0.30529296875,0.30529296875
13c2ur5452xb62wphb959tewknprp35u,0.433125,0.433125
131aedfhs6pnf1fvtvp49mj7wco3t3lb22,0.30529296875,0.30529296875
131aedfhs6pnf1fvtvp49mif6s6d4p9y22,0.30529296875,0.30529296875
131aedfhs6pnf1fvtvp49jvrnoodeqi422,0.25957421875,0.25957421875
131aedfhs6pnf1fvtvp49jyn6984w81m22,0.30529296875,0.30529296875
131aedfhs6pnf1fvtvp49mh7wxdz0mhl22,0.30529296875,0.30529296875
13c2ur5452xb62wphb959tewknprozrg,0.433125,0.433125
12aw4ack71831bocuf5j3pz235kn1v361de,0.383,0.383
131aedfhs6pnf1fvtvp49jxugiew37p822,0.366748046875,0.366748046875
131aedfhs6pnf1fvtvp49jxugiaf069f22,0.30529296875,0.30529296875
131aedfhs6pnf1fvtvp49mi8hmuyxh0722,0.25957421875,0.25957421875
131aedfhs6pnf1fvtvp49mifk1y5vxk522,0.30529296875,0.30529296875
13c2ur5452xb62wphb959tewknprp1ae,0.433125,0.433125
13c2ur5452xb62wphb959tewknprozqy,0.433125,0.433125
131aedfhs6pnf1fvtvp49mjbhclbxnny22,0.30529296875,0.30529296875
131aedfhs6pnf1fvtvp49mjbhclnkxsy22,0.30529296875,0.30529296875
131aedfhs6pnf1fvtvp498wvamo8l4ll22,0.30529296875,0.30529296875
131aedfhs6pnf1fvtvp49jzmz3ngimjw22,0.30529296875,0.30529296875
131aedfhs6pnf1fvtvp49mjbhcojc1jk22,0.30529296875,0.30529296875
13c2ur5452xb62wphb959tewknprozlm,0.433125,0.433125
131aedfhs6pnf1fvtvp49mia892bh1el22,0.25957421875,0.25957421875
131aedfhs6pnf1fvtvp49jzlkzxsx0i622,0.30529296875,0.30529296875
131aedfhs6pnf1fvtvp49mh7xyjrayy322,0.30529296875,0.30529296875
131aedfhs6pnf1fvtvp49mj7wcmzr18j22,0.30529296875,0.30529296875
131aedfhs6pnf1fvtvp49mja0uwu6c9z22,0.30529296875,0.30529296875
131aedfhs6pnf1fvtvp49mia86wgzqqd22,0.25957421875,0.25957421875
131aedfhs6pnf1fvtvp49mh7xylqex4u22,0.30529296875,0.30529296875
13c2ur5452xb62wphb959tewknprp35c,0.433125,0.433125
131aedfhs6pnf1fvtvp49mg8hvsgjb4x22,0.30529296875,0.30529296875
131aedfhs6pnf1fvtvp49jstofh3o1jt22,0.25957421875,0.25957421875
131aedfhs6pnf1fvtvp49jzp4tyevfwq22,0.30529296875,0.30529296875
131aedfhs6pnf1fvtvp49mj8mm50yfcf22,0.25957421875,0.25957421875
131aedfhs6pnf1fvtvp49ee0ulhhrewm22,0.30529296875,0.30529296875
131aedfhs6pnf1fvtvp49mj8ltt2msat22,0.30529296875,0.30529296875
131aedfhs6pnf1fvtvp49jzq6gj3wc9f22,0.30529296875,0.30529296875
131aedfhs6pnf1fvtvp49mj8mmfjqf6s22,0.30529296875,0.30529296875
131aedfhs6pnf1fvtvp49jvrnoweeclp22,0.30529296875,0.30529296875
131aedfhs6pnf1fvtvp49mj8zch7sk5v22,0.30529296875,0.30529296875
131aedfhs6pnf1fvtvp49jzlkzt1ah0u22,0.30529296875,0.30529296875
131aedfhs6pnf1fvtvp49jzlwxa84nyz22,0.30529296875,0.30529296875
131aedfhs6pnf1fvtvp49mfhjwlb042922,0.30529296875,0.30529296875
131aedfhs6pnf1fvtvp49mifkdbq7bxu22,0.30529296875,0.30529296875
131aedfhs6pnf1fvtvp49mj5g3q7xsrn22,0.30529296875,0.30529296875
131aedfhs6pnf1fvtvp49mj8mm24a5xh22,0.25957421875,0.25957421875
131aedfhs6pnf1fvtvp49mifkfjxwbcf22,0.30529296875,0.30529296875
131aedfhs6pnf1fvtvp49mfhjwsak2qg22,0.30529296875,0.30529296875
131aedfhs6pnf1fvtvp49juwu7p4u46h22,0.30529296875,0.30529296875
131aedfhs6pnf1fvtvp49mja0uxcn4dl22,0.30529296875,0.30529296875
131aedfhs6pnf1fvtvp49jxugibxcypj22,0.366748046875,0.366748046875
131aedfhs6pnf1fvtvp49mja0qp0rrvk22,0.25957421875,0.25957421875
131aedfhs6pnf1fvtvp49mj7wcnu8hq522,0.30529296875,0.30529296875
13c2ur5452xb62wphb959tewknprp1ar,0.308,0.308
131aedfhs6pnf1fvtvp49h4bhdjeabmt22,0.30529296875,0.30529296875
131aedfhs6pnf1fvtvp49mjbu35x8sfc22,0.366748046875,0.366748046875
131aedfhs6pnf1fvtvp49ee0ulw87yzu22,0.30529296875,0.30529296875
131aedfhs6pnf1fvtvp49mh7xyp31ih222,0.30529296875,0.30529296875
131aedfhs6pnf1fvtvp49jyn69920gkk22,0.30529296875,0.30529296875
131aedfhs6pnf1fvtvp49mifkfe2c3p322,0.30529296875,0.30529296875
131aedfhs6pnf1fvtvp49mjbu37nra6d22,0.366748046875,0.366748046875
131aedfhs6pnf1fvtvp49mja0v3tgkmz22,0.30529296875,0.30529296875
131aedfhs6pnf1fvtvp49jxuh4rk3a5m22,0.30529296875,0.30529296875
131aedfhs6pnf1fvtvp49jyuzi7s8bi722,0.30529296875,0.30529296875
131aedfhs6pnf1fvtvp49mg8hvtz5ibk22,0.30529296875,0.30529296875
13c2ur5452xb62wphb959tewknprozrw,0.433125,0.433125
131aedfhs6pnf1fvtvp493iu1neqswr222,0.25957421875,0.25957421875
131aedfhs6pnf1fvtvp49mifk1zhtzof22,0.30529296875,0.30529296875
131aedfhs6pnf1fvtvp49mff2pt62abt22,0.30529296875,0.30529296875
13c2ur5452xb62wphb95qjhuf4zvtavy,0.433125,0.433125
131aedfhs6pnf1fvtvp49jzo1ixaz40322,0.30529296875,0.30529296875
131aedfhs6pnf1fvtvp49mifkd994ow622,0.30529296875,0.30529296875
131aedfhs6pnf1fvtvp493iu1n6d1qnz22,0.366748046875,0.366748046875
131aedfhs6pnf1fvtvp49mh7xyoqut9g22,0.30529296875,0.30529296875
131aedfhs6pnf1fvtvp49juwu7plj9dv22,0.30529296875,0.30529296875
131aedfhs6pnf1fvtvp49jzlwxaqosfz22,0.30529296875,0.30529296875
131aedfhs6pnf1fvtvp49mj6h8nyxra322,0.25957421875,0.25957421875
131aedfhs6pnf1fvtvp49jzo1ivy9xsv22,0.30529296875,0.30529296875
13c2ur5452xb62wphb959tewknprozrz,0.433125,0.433125
131aedfhs6pnf1fvtvp49juwu7vihdbv22,0.30529296875,0.30529296875
131aedfhs6pnf1fvtvp49jxos89wxpbw22,0.30529296875,0.30529296875
131aedfhs6pnf1fvtvp49mja0qq7hmj722,0.21626171875,0.21626171875
131aedfhs6pnf1fvtvp49mj8zcmgxp0y22,0.30529296875,0.30529296875
131aedfhs6pnf1fvtvp49mja0qz6n9hz22,0.25957421875,0.25957421875
131aedfhs6pnf1fvtvp49jyn69d5j9mg22,0.30529296875,0.30529296875
131aedfhs6pnf1fvtvp49jzq6ghl7gmp22,0.30529296875,0.30529296875
131aedfhs6pnf1fvtvp49mjbu3dgtr4822,0.30529296875,0.30529296875
131aedfhs6pnf1fvtvp49mia892s56cf22,0.25957421875,0.25957421875
131aedfhs6pnf1fvtvp49jyn697wt76w22,0.30529296875,0.30529296875
131aedfhs6pnf1fvtvp49mja0r0nq6pn22,0.25957421875,0.25957421875
131aedfhs6pnf1fvtvp49jxos87oetra22,0.30529296875,0.30529296875
131aedfhs6pnf1fvtvp49mj8zcnu19qs22,0.30529296875,0.30529296875
131aedfhs6pnf1fvtvp49mjbu3cbit0u22,0.30529296875,0.30529296875
131aedfhs6pnf1fvtvp49mffta9cl2xf22,0.30529296875,0.30529296875
131aedfhs6pnf1fvtvp49jstof7d61up22,0.25957421875,0.25957421875
131aedfhs6pnf1fvtvp49joxclc4l8k722,0.30529296875,0.30529296875
131aedfhs6pnf1fvtvp49mjbhcpprubf22,0.30529296875,0.30529296875
131aedfhs6pnf1fvtvp49jzo1j13hed322,0.30529296875,0.30529296875
13c2ur5452xb62wphb959tewknprp19c,0.308,0.308
131aedfhs6pnf1fvtvp49mj7wcrbevo722,0.30529296875,0.30529296875
13c2ur5452xb62wphb959tewknprozmh,0.433125,0.433125
131aedfhs6pnf1fvtvp49mldx978xclh22,0.30529296875,0.30529296875
131aedfhs6pnf1fvtvp49mmdojib5fd822,0.30529296875,0.30529296875
131aedfhs6pnf1fvtvp49mmcakxtn8la22,0.30529296875,0.30529296875
131aedfhs6pnf1fvtvp49mn3wvh2dr2t22,0.25957421875,0.25957421875
131aedfhs6pnf1fvtvp49mn4mfl8nw8t22,0.30529296875,0.30529296875
131aedfhs6pnf1fvtvp49mlbfw3zb94s22,0.30529296875,0.30529296875
131aedfhs6pnf1fvtvp49mn36mv48epv22,0.30529296875,0.30529296875
131aedfhs6pnf1fvtvp49mmcyybnlub422,0.30529296875,0.30529296875
131aedfhs6pnf1fvtvp49mmdojjnl8di22,0.30529296875,0.30529296875
131aedfhs6pnf1fvtvp49mm91xvt2eud22,0.30529296875,0.30529296875
131aedfhs6pnf1fvtvp49mma5mk3xylf22,0.25957421875,0.25957421875
131aedfhs6pnf1fvtvp49mlbfw4nnotz22,0.30529296875,0.30529296875
131aedfhs6pnf1fvtvp49mmdojgwb78y22,0.25957421875,0.25957421875
131aedfhs6pnf1fvtvp49mm91xuuuo8z22,0.30529296875,0.30529296875
131aedfhs6pnf1fvtvp49mmcyxhzkgtm22,0.30529296875,0.30529296875
131aedfhs6pnf1fvtvp49mma5mixe4rd22,0.25957421875,0.25957421875
131aedfhs6pnf1fvtvp49mmcake31aq822,0.30529296875,0.30529296875
131aedfhs6pnf1fvtvp49mmcakgxr8i422,0.30529296875,0.30529296875
131aedfhs6pnf1fvtvp49mmdojp69o1a22,0.366748046875,0.366748046875
131aedfhs6pnf1fvtvp49mn3wvbw9rzr22,0.25957421875,0.25957421875
131aedfhs6pnf1fvtvp49mn3wvbjnzkl22,0.25957421875,0.25957421875
131aedfhs6pnf1fvtvp49mn36pu6ixl022,0.30529296875,0.30529296875
131aedfhs6pnf1fvtvp49mmcan77bn9322,0.30529296875,0.30529296875
131aedfhs6pnf1fvtvp49mn3wvalkkub22,0.25957421875,0.25957421875
131aedfhs6pnf1fvtvp49mmbjw5xonlu22,0.30529296875,0.30529296875
131aedfhs6pnf1fvtvp49mn36mupoykx22,0.30529296875,0.30529296875
131aedfhs6pnf1fvtvp49mma5mcchbpq22,0.25957421875,0.25957421875
131aedfhs6pnf1fvtvp49mmbjvvhsrg922,0.30529296875,0.30529296875
131aedfhs6pnf1fvtvp49mn4mfg8bkgy22,0.30529296875,0.30529296875
131aedfhs6pnf1fvtvp49mn36pt88u4222,0.30529296875,0.30529296875
131aedfhs6pnf1fvtvp49mn4mfrgd6gt22,0.30529296875,0.30529296875
131aedfhs6pnf1fvtvp49mmcyy2a2clg22,0.30529296875,0.30529296875
131aedfhs6pnf1fvtvp49mmbjw684qyk22,0.30529296875,0.30529296875
131aedfhs6pnf1fvtvp49mma5mllkysv22,0.21626171875,0.21626171875
131aedfhs6pnf1fvtvp49mlbqwy0o6a022,0.30529296875,0.30529296875
131aedfhs6pnf1fvtvp49mmcakfghmju22,0.30529296875,0.30529296875
131aedfhs6pnf1fvtvp49mmdojqp786422,0.30529296875,0.30529296875
131aedfhs6pnf1fvtvp49mmcyxgv5o4w22,0.30529296875,0.30529296875
131aedfhs6pnf1fvtvp49mn3wvhzxdm722,0.25957421875,0.25957421875
131aedfhs6pnf1fvtvp49mmbjvqsy1cb22,0.30529296875,0.30529296875
131aedfhs6pnf1fvtvp49mn4mfqd3ksy22,0.30529296875,0.30529296875
131aedfhs6pnf1fvtvp49mma5masf8h622,0.30529296875,0.30529296875
131aedfhs6pnf1fvtvp49mk5l3gmfzrq22,0.30529296875,0.30529296875
131aedfhs6pnf1fvtvp49mk5xd63iqs422,0.30529296875,0.30529296875
131aedfhs6pnf1fvtvp49mifk27kmvbi22,0.30529296875,0.30529296875
131aedfhs6pnf1fvtvp49mjg1jdq50j822,0.30529296875,0.30529296875
131aedfhs6pnf1fvtvp49mjg1jfpnd8i22,0.366748046875,0.366748046875
131aedfhs6pnf1fvtvp49mj8ltu8asax22,0.366748046875,0.366748046875
131aedfhs6pnf1fvtvp49mj6h8mfifhj22,0.30529296875,0.30529296875
131aedfhs6pnf1fvtvp49mjbhcpx93zp22,0.30529296875,0.30529296875
131aedfhs6pnf1fvtvp49mj6h8ni59pd22,0.30529296875,0.30529296875
131aedfhs6pnf1fvtvp49mk5l3drsevd22,0.30529296875,0.30529296875
131aedfhs6pnf1fvtvp49mj6h8lyvn5p22,0.30529296875,0.30529296875
131aedfhs6pnf1fvtvp49mjg1jsf0kxr22,0.366748046875,0.366748046875
131aedfhs6pnf1fvtvp49mjf02qnmxg322,0.25957421875,0.25957421875
131aedfhs6pnf1fvtvp49mj6h8u6byky22,0.366748046875,0.366748046875
131aedfhs6pnf1fvtvp49ml753rly5oi22,0.30529296875,0.30529296875
131aedfhs6pnf1fvtvp49mkf4w48gx8522,0.30529296875,0.30529296875
131aedfhs6pnf1fvtvp49mkf4w4v61w822,0.366748046875,0.366748046875
131aedfhs6pnf1fvtvp49mifkfi963mz22,0.30529296875,0.30529296875
131aedfhs6pnf1fvtvp49mk5xdeso0r722,0.25957421875,0.25957421875
131aedfhs6pnf1fvtvp49mk5xdef7rvs22,0.25957421875,0.25957421875
131aedfhs6pnf1fvtvp49ml753rwly1i22,0.30529296875,0.30529296875
131aedfhs6pnf1fvtvp49mk5xd50agyi22,0.30529296875,0.30529296875
131aedfhs6pnf1fvtvp49mjf02rqxjdh22,0.25957421875,0.25957421875
131aedfhs6pnf1fvtvp49mj6h8sfw4ib22,0.366748046875,0.366748046875
131aedfhs6pnf1fvtvp49mifk24t0sju22,0.30529296875,0.30529296875
131aedfhs6pnf1fvtvp49mjg1jqfql5v22,0.366748046875,0.366748046875
131aedfhs6pnf1fvtvp49mi8hmlp9c9p22,0.30529296875,0.30529296875
131aedfhs6pnf1fvtvp49mff2plx3rdw22,0.21626171875,0.21626171875
131aedfhs6pnf1fvtvp49mfftaafvcid22,0.30529296875,0.30529296875
131aedfhs6pnf1fvtvp49jxuh4xk0k4l22,0.30529296875,0.30529296875
131aedfhs6pnf1fvtvp49jyun5oup62e22,0.21626171875,0.21626171875
131aedfhs6pnf1fvtvp49jyunjzs396d22,0.30529296875,0.30529296875
131aedfhs6pnf1fvtvp49jyun5nw81ic22,0.21626171875,0.21626171875
131aedfhs6pnf1fvtvp49jyunly5k13i22,0.30529296875,0.30529296875
131aedfhs6pnf1fvtvp49mfftaiyqmom22,0.25957421875,0.25957421875
131aedfhs6pnf1fvtvp498txzzigu9a222,0.25957421875,0.25957421875
131aedfhs6pnf1fvtvp49jyun5cbcxbn22,0.25957421875,0.25957421875
131aedfhs6pnf1fvtvp49jzq6gxjgdyd22,0.30529296875,0.30529296875
131aedfhs6pnf1fvtvp49jzp4u385l8422,0.30529296875,0.30529296875
131aedfhs6pnf1fvtvp49jzo1ixna6md22,0.30529296875,0.30529296875
131aedfhs6pnf1fvtvp49jzlwxgjix8e22,0.30529296875,0.30529296875
131aedfhs6pnf1fvtvp49mg85r52ygov22,0.30529296875,0.30529296875
131aedfhs6pnf1fvtvp49jzlwx91itlr22,0.30529296875,0.30529296875
131aedfhs6pnf1fvtvp49mg8hvyy093222,0.30529296875,0.30529296875
131aedfhs6pnf1fvtvp49mg8hvug5owj22,0.30529296875,0.30529296875
131aedfhs6pnf1fvtvp49jzmz3gh22k922,0.30529296875,0.30529296875
131aedfhs6pnf1fvtvp49mg8hvxr9qia22,0.30529296875,0.30529296875
131aedfhs6pnf1fvtvp49jzp4tyvevv822,0.366748046875,0.366748046875
131aedfhs6pnf1fvtvp49jyuzi2y2nxl22,0.30529296875,0.30529296875
131aedfhs6pnf1fvtvp49jzlwxfggo8922,0.30529296875,0.30529296875
131aedfhs6pnf1fvtvp49jzmz3id86k722,0.30529296875,0.30529296875
131aedfhs6pnf1fvtvp49jzm9mpjal0f22,0.30529296875,0.30529296875
131aedfhs6pnf1fvtvp49jxvwajp7b1s22,0.30529296875,0.30529296875
131aedfhs6pnf1fvtvp49mfftacenleb22,0.30529296875,0.30529296875
131aedfhs6pnf1fvtvp49jyunm5i678h22,0.30529296875,0.30529296875
131aedfhs6pnf1fvtvp49jxugi5ifhz522,0.30529296875,0.30529296875
131aedfhs6pnf1fvtvp49jxugi6lddkk22,0.30529296875,0.30529296875
131aedfhs6pnf1fvtvp49jxuh5182f0x22,0.30529296875,0.30529296875
131aedfhs6pnf1fvtvp49jxos8elm1i422,0.30529296875,0.30529296875
131aedfhs6pnf1fvtvp49mfftamgqtxl22,0.25957421875,0.25957421875
131aedfhs6pnf1fvtvp49mg8hvypp6vo22,0.30529296875,0.30529296875
131aedfhs6pnf1fvtvp49jzo1j0mu9ot22,0.30529296875,0.30529296875
131aedfhs6pnf1fvtvp49jzq6gw72kpe22,0.30529296875,0.30529296875
131aedfhs6pnf1fvtvp49jxuh510g5kf22,0.30529296875,0.30529296875
131aedfhs6pnf1fvtvp49mg85rd0fgxd22,0.30529296875,0.30529296875
131aedfhs6pnf1fvtvp49jzlkzu19ixt22,0.30529296875,0.30529296875
131aedfhs6pnf1fvtvp49jzmz3h7d5gz22,0.30529296875,0.30529296875
131aedfhs6pnf1fvtvp49jzm9mkpndsm22,0.30529296875,0.30529296875
131aedfhs6pnf1fvtvp49jzp4u1zkeyg22,0.30529296875,0.30529296875
131aedfhs6pnf1fvtvp49jzp4tx05lyu22,0.25957421875,0.25957421875
131aedfhs6pnf1fvtvp49jzm9mp9mycl22,0.30529296875,0.30529296875
131aedfhs6pnf1fvtvp49jyun5djppw522,0.25957421875,0.25957421875
131aedfhs6pnf1fvtvp49jyun5fl4qte22,0.21626171875,0.21626171875
131aedfhs6pnf1fvtvp49mg85rd8likr22,0.30529296875,0.30529296875
131aedfhs6pnf1fvtvp49jyunm3zopt122,0.30529296875,0.30529296875
131aedfhs6pnf1fvtvp49mff2pm7g60u22,0.21626171875,0.21626171875
131aedfhs6pnf1fvtvp49jyuzi3sqhl722,0.30529296875,0.30529296875
131aedfhs6pnf1fvtvp49jyn69e2q6lm22,0.30529296875,0.30529296875
131aedfhs6pnf1fvtvp49jyunlvc0am022,0.30529296875,0.30529296875
131aedfhs6pnf1fvtvp49jxvwaiqn5p222,0.30529296875,0.30529296875
131aedfhs6pnf1fvtvp49mg85r6e9f0r22,0.30529296875,0.30529296875
131aedfhs6pnf1fvtvp49jxos8ewokq622,0.30529296875,0.30529296875
131aedfhs6pnf1fvtvp49mg8hvsxehxq22,0.30529296875,0.30529296875
131aedfhs6pnf1fvtvp498txzz8nvxst22,0.30529296875,0.30529296875
131aedfhs6pnf1fvtvp498txzzhkoum022,0.25957421875,0.25957421875
131aedfhs6pnf1fvtvp498wvamq38ov722,0.30529296875,0.30529296875
131aedfhs6pnf1fvtvp49ee0ulyq7shj22,0.30529296875,0.30529296875
131aedfhs6pnf1fvtvp498wvamtxxej022,0.30529296875,0.30529296875
131aedfhs6pnf1fvtvp49joxclh8ywl822,0.30529296875,0.30529296875
131aedfhs6pnf1fvtvp49joxclh2wk8y22,0.30529296875,0.30529296875
131aedfhs6pnf1fvtvp498wvamuwb6pq22,0.30529296875,0.30529296875
131aedfhs6pnf1fvtvp49jstof8iams322,0.25957421875,0.25957421875
131aedfhs6pnf1fvtvp49juwu7naydgi22,0.30529296875,0.30529296875
131aedfhs6pnf1fvtvp49mk5xppfrx8922,0.30529296875,0.30529296875
131aedfhs6pnf1fvtvp49mjbhclgyhp422,0.30529296875,0.30529296875
131aedfhs6pnf1fvtvp49mj8zcproziw22,0.30529296875,0.30529296875
131aedfhs6pnf1fvtvp49mmcakz492lk22,0.30529296875,0.30529296875
131aedfhs6pnf1fvtvp49mlbqwfygxri22,0.30529296875,0.30529296875
131aedfhs6pnf1fvtvp49mifk1xk2lya22,0.30529296875,0.30529296875
131aedfhs6pnf1fvtvp49mifkdfjdes022,0.30529296875,0.30529296875
131aedfhs6pnf1fvtvp49mj8mmjydevi22,0.30529296875,0.30529296875
131aedfhs6pnf1fvtvp49mk5xpnxtu3q22,0.30529296875,0.30529296875
131aedfhs6pnf1fvtvp49jyn699im9eo22,0.30529296875,0.30529296875
131aedfhs6pnf1fvtvp49mfffzdwo2z222,0.30529296875,0.30529296875
13c2ur549vohc0jat2wd23me01,0.308,0.308
131aedfhs6pnf1fvtvp49ee0uljalbqq22,0.30529296875,0.30529296875
13c2ur549vohc0jat2wd23maz1,0.308,0.308
13c2ur549vohc0jat2wqk9u231,0.21600000560284,0.21600000560284
13c2ur549vohc0jat2ewj4eyk51,0.308,0.308
131aedfhs6pnf1fvtvp49jyom1c5hj8622,0.30529296875,0.30529296875
13c2ur549vohc0jat2wqi9spx2,0.27799999713898,0.27799999713898
131aedfhs6pnf1fvtvp49jsyafretrbo22,0.25957421875,0.25957421875
13c2ur549vohc0jat2ewk4eyq81,0.308,0.308
131aedfhs6pnf1fvtvp493iu1n9qhv9y22,0.25957421875,0.25957421875
13c2ur549vohc0jat2wqi9t2i1,0.27799999713898,0.27799999713898
131aedfhs6pnf1fvtvp49jvrnomlgni222,0.25957421875,0.25957421875
13c2ur549vohc0jat2wd23mh11,0.308,0.308
131aedfhs6pnf1fvtvp49jyom19gwn0i22,0.30529296875,0.30529296875
131aedfhs6pnf1fvtvp49jyn699qgwka22,0.30529296875,0.30529296875
131aedfhs6pnf1fvtvp49jwozuvkvcqj22,0.30529296875,0.30529296875
131aedfhs6pnf1fvtvp49jyom1p9ahkj22,0.30529296875,0.30529296875
13c2ur549vohc0jat2e6y42xax1,0.27887500054203,0.27887500054203
131aedfhs6pnf1fvtvp49jxtehfwdd0i22,0.25957421875,0.25957421875
13c2ur549vohc0jat2wd23m7x1,0.308,0.308
131aedfhs6pnf1fvtvp49mffrz0osk7522,0.30529296875,0.30529296875
131aedfhs6pnf1fvtvp49jyom18ngotz22,0.30529296875,0.30529296875
131aedfhs6pnf1fvtvp49jvp6ihdhgz922,0.30529296875,0.30529296875
131aedfhs6pnf1fvtvp49jyn69ecmij822,0.30529296875,0.30529296875
13c2ur549vohc0jat2wqi9szw1,0.27799999713898,0.27799999713898
131aedfhs6pnf1fvtvp496aiqiivqdz822,0.30529296875,0.30529296875
131aedfhs6pnf1fvtvp49jxtehgv9k0c22,0.30529296875,0.30529296875
131aedfhs6pnf1fvtvp49joxclcc2hgp22,0.30529296875,0.30529296875
13c2ur549vohc0jat2wqi9syl1,0.27799999713898,0.27799999713898
13c2ur549vohc0jat2ewj4eynm1,0.308,0.308
131aedfhs6pnf1fvtvp49mh7xykcbtv422,0.30529296875,0.30529296875
131aedfhs6pnf1fvtvp49mfffzcm5wwn22,0.366748046875,0.366748046875
131aedfhs6pnf1fvtvp49jyom1phsx7h22,0.30529296875,0.30529296875
131aedfhs6pnf1fvtvp49jsyag7yka6w22,0.30529296875,0.30529296875
13c2ur549vohc0jat2ewk4eyu41,0.308,0.308
131aedfhs6pnf1fvtvp49mffryy6lqe522,0.30529296875,0.30529296875
131aedfhs6pnf1fvtvp496aiqkjnidh222,0.30529296875,0.30529296875
13c2ur549vohc0jat2wqk9u4p1,0.27799999713898,0.27799999713898
131aedfhs6pnf1fvtvp49jsyag6wauzy22,0.30529296875,0.30529296875
13c2ur549vohc0jat2wd23m5b2,0.308,0.308
13c2ur549vohc0jat2e6y42xn31,0.27887500054203,0.27887500054203
131aedfhs6pnf1fvtvp49jxtehfk4mi022,0.25957421875,0.25957421875
131aedfhs6pnf1fvtvp49mi8hmjtiymn22,0.30529296875,0.30529296875
13c2ur549vohc0jat2wqk9u6v1,0.27799999713898,0.27799999713898
13c2ur549vohc0jat2dvu3xs0c1,0.27799999713898,0.27799999713898
13c2ur549vohc0jat2e6x42x0y1,0.27887500054203,0.27887500054203
13c2ur549vohc0jat2e6x42wuf2,0.27887500054203,0.27887500054203
13c2ur549vohc0jat2e6y42xk11,0.27887500054203,0.27887500054203
13c2ur549vohc0jat2ewj4eygo1,0.308,0.308
13c2ur549vohc0jat2dvu3xs9w1,0.36800000071526,0.36800000071526
13c2ur549vohc0jat2e6x42wxw1,0.27887500054203,0.27887500054203
131aedfhs6pnf1fvtvp49mmcyy417nbz22,0.30529296875,0.30529296875
131aedfhs6pnf1fvtvp49mn3wvd6a6eb22,0.25957421875,0.25957421875
131aedfhs6pnf1fvtvp49mn3wvdg5i2d22,0.25957421875,0.25957421875
131aedfhs6pnf1fvtvp49mn4mfhjftac22,0.30529296875,0.30529296875
131aedfhs6pnf1fvtvp49ml751k6d75922,0.30529296875,0.30529296875
131aedfhs6pnf1fvtvp49mja0uvgw21o22,0.30529296875,0.30529296875
131aedfhs6pnf1fvtvp49mm91xpwfnuf22,0.366748046875,0.366748046875
131aedfhs6pnf1fvtvp49mldwdxbr9mm22,0.30529296875,0.30529296875
131aedfhs6pnf1fvtvp49mjf04zhqe1422,0.25957421875,0.25957421875
131aedfhs6pnf1fvtvp49mldwe5km6sy22,0.30529296875,0.30529296875
131aedfhs6pnf1fvtvp49mk5ysg19tfe22,0.30529296875,0.30529296875
131aedfhs6pnf1fvtvp49mldwdylcx6022,0.30529296875,0.30529296875
131aedfhs6pnf1fvtvp49mjg1jh9qgql22,0.30529296875,0.30529296875
131aedfhs6pnf1fvtvp49mlbqwraet4w22,0.30529296875,0.30529296875
131aedfhs6pnf1fvtvp49mmcakqp1db822,0.30529296875,0.30529296875
131aedfhs6pnf1fvtvp49mldwdz989wa22,0.30529296875,0.30529296875
131aedfhs6pnf1fvtvp49mmcakhn9j5a22,0.30529296875,0.30529296875
131aedfhs6pnf1fvtvp49mhdb2io46hd22,0.30529296875,0.30529296875
131aedfhs6pnf1fvtvp49mhdb2fucqzo22,0.30529296875,0.30529296875
131aedfhs6pnf1fvtvp49jto5dvjn5x422,0.30529296875,0.30529296875
131aedfhs6pnf1fvtvp49mg85r9mnbg122,0.30529296875,0.30529296875
131aedfhs6pnf1fvtvp49mhdb2j3l3v922,0.30529296875,0.30529296875
131aedfhs6pnf1fvtvp49mh7wxl19pb322,0.30529296875,0.30529296875
131aedfhs6pnf1fvtvp49mfftab118r422,0.30529296875,0.30529296875
131aedfhs6pnf1fvtvp49jvrnohnvsr022,0.25957421875,0.25957421875
131aedfhs6pnf1fvtvp49jto5dvy2y4222,0.30529296875,0.30529296875
131aedfhs6pnf1fvtvp49mgcf8tja9jk22,0.30529296875,0.30529296875
131aedfhs6pnf1fvtvp49jto5du6l9dw22,0.30529296875,0.30529296875
131aedfhs6pnf1fvtvp49mia86yyz73w22,0.25957421875,0.25957421875
131aedfhs6pnf1fvtvp49jvp6ikmesh722,0.30529296875,0.30529296875
131aedfhs6pnf1fvtvp49jto5dq0yq9622,0.30529296875,0.30529296875
131aedfhs6pnf1fvtvp49jvp6igz1pk322,0.30529296875,0.30529296875
131aedfhs6pnf1fvtvp49jto5drpmy7a22,0.25957421875,0.25957421875
131aedfhs6pnf1fvtvp49mj7wcobvgix22,0.25957421875,0.25957421875
131aedfhs6pnf1fvtvp49mhdb2k0lbbz22,0.30529296875,0.30529296875
131aedfhs6pnf1fvtvp49mg85r7273uv22,0.30529296875,0.30529296875
131aedfhs6pnf1fvtvp49mhdb2iuoyej22,0.25957421875,0.25957421875
131aedfhs6pnf1fvtvp49mfffzgvygi422,0.30529296875,0.30529296875
131aedfhs6pnf1fvtvp49jyrt5v1jbyh22,0.30529296875,0.30529296875
131aedfhs6pnf1fvtvp49jwozuquq2p822,0.30529296875,0.30529296875
131aedfhs6pnf1fvtvp49mff2pvjze6k22,0.21626171875,0.21626171875
131aedfhs6pnf1fvtvp49jzlwxai4omd22,0.30529296875,0.30529296875
131aedfhs6pnf1fvtvp49jto5dqkensc22,0.30529296875,0.30529296875
131aedfhs6pnf1fvtvp49jzll73kn1e822,0.30529296875,0.30529296875
131aedfhs6pnf1fvtvp49jyrt5t1ynx522,0.30529296875,0.30529296875
131aedfhs6pnf1fvtvp49jzq6ggz3f7z22,0.30529296875,0.30529296875
131aedfhs6pnf1fvtvp49jvp6idi20cr22,0.30529296875,0.30529296875
131aedfhs6pnf1fvtvp49jxtehkidxnp22,0.30529296875,0.30529296875
131aedfhs6pnf1fvtvp49jxugibikgyd22,0.30529296875,0.30529296875
131aedfhs6pnf1fvtvp49jzll75vony422,0.25957421875,0.25957421875
131aedfhs6pnf1fvtvp49jzlwx9z9i0122,0.30529296875,0.30529296875
131aedfhs6pnf1fvtvp49jzll72bstib22,0.30529296875,0.30529296875
131aedfhs6pnf1fvtvp49jwozv8pzxl522,0.30529296875,0.30529296875
131aedfhs6pnf1fvtvp49jwozuu4c6y122,0.30529296875,0.30529296875
131aedfhs6pnf1fvtvp49jzm9mkf6a6b22,0.366748046875,0.366748046875
131aedfhs6pnf1fvtvp49jzll7563ouo22,0.25957421875,0.25957421875
131aedfhs6pnf1fvtvp49mfffzhepxmw22,0.30529296875,0.30529296875
131aedfhs6pnf1fvtvp49jvp6ioxox2z22,0.30529296875,0.30529296875
131aedfhs6pnf1fvtvp49jwozv2hftsy22,0.30529296875,0.30529296875
131aedfhs6pnf1fvtvp49jzmz3i3w9yt22,0.30529296875,0.30529296875
131aedfhs6pnf1fvtvp49jxugicd59td22,0.366748046875,0.366748046875
131aedfhs6pnf1fvtvp49jyrt5umvvj322,0.30529296875,0.30529296875
131aedfhs6pnf1fvtvp49mffrymilfct22,0.30529296875,0.30529296875
131aedfhs6pnf1fvtvp49jvp6iigk1jz22,0.30529296875,0.30529296875
131aedfhs6pnf1fvtvp49jyrt5zfj7up22,0.30529296875,0.30529296875
131aedfhs6pnf1fvtvp49jxvwabpeyta22,0.25957421875,0.25957421875
131aedfhs6pnf1fvtvp49jzll741nkbo22,0.30529296875,0.30529296875
131aedfhs6pnf1fvtvp49jwoajq28t2922,0.30529296875,0.30529296875
131aedfhs6pnf1fvtvp4966faoe9o28d22,0.25957421875,0.25957421875
131aedfhs6pnf1fvtvp49jyunlwh5jgi22,0.30529296875,0.30529296875
131aedfhs6pnf1fvtvp49jxuh4ubhn5822,0.25957421875,0.25957421875
131aedfhs6pnf1fvtvp49jyrt5zq707n22,0.30529296875,0.30529296875
131aedfhs6pnf1fvtvp49jzlwxdyfl2s22,0.30529296875,0.30529296875
131aedfhs6pnf1fvtvp49jvp6idx06l122,0.30529296875,0.30529296875
131aedfhs6pnf1fvtvp49jzll73cqcxq22,0.30529296875,0.30529296875
131aedfhs6pnf1fvtvp49jwoajvsvw6722,0.30529296875,0.30529296875
131aedfhs6pnf1fvtvp49mffrym7xykj22,0.30529296875,0.30529296875
131aedfhs6pnf1fvtvp49jzll6uzdakf22,0.30529296875,0.30529296875
131aedfhs6pnf1fvtvp49mff2pscinfi22,0.30529296875,0.30529296875
131aedfhs6pnf1fvtvp49jzq6gxwoxtj22,0.30529296875,0.30529296875
131aedfhs6pnf1fvtvp49jwoajr3nfgk22,0.21626171875,0.21626171875
131aedfhs6pnf1fvtvp49jwoajrjpgvi22,0.25957421875,0.25957421875
131aedfhs6pnf1fvtvp49jwozush898f22,0.30529296875,0.30529296875
131aedfhs6pnf1fvtvp49jvrnowrejjj22,0.25957421875,0.25957421875
131aedfhs6pnf1fvtvp49jxos89bhfmq22,0.30529296875,0.30529296875
131aedfhs6pnf1fvtvp49mffryo1zqvt22,0.30529296875,0.30529296875
131aedfhs6pnf1fvtvp49jwoajutzp6d22,0.30529296875,0.30529296875
131aedfhs6pnf1fvtvp49jxuh4utq1jr22,0.30529296875,0.30529296875
131aedfhs6pnf1fvtvp49jxtehkqvd1322,0.30529296875,0.30529296875
131aedfhs6pnf1fvtvp49jxos8865tm822,0.30529296875,0.30529296875
131aedfhs6pnf1fvtvp49jstofa1lya722,0.25957421875,0.25957421875
131aedfhs6pnf1fvtvp49eatmwrhr2rq22,0.30529296875,0.30529296875
131aedfhs6pnf1fvtvp49eatmx1qsf5w22,0.30529296875,0.30529296875
131aedfhs6pnf1fvtvp496aiqkfrl56u22,0.30529296875,0.30529296875
131aedfhs6pnf1fvtvp49eatmx0ax1um22,0.30529296875,0.30529296875
131aedfhs6pnf1fvtvp49eatmwzow0gp22,0.366748046875,0.366748046875
131aedfhs6pnf1fvtvp496aiqkggiox622,0.30529296875,0.30529296875
131aedfhs6pnf1fvtvp496aiqik5x5js22,0.30529296875,0.30529296875
131aedfhs6pnf1fvtvp49ee0ulxyp5od22,0.30529296875,0.30529296875
131aedfhs6pnf1fvtvp498txzz7lihjn22,0.30529296875,0.30529296875
131aedfhs6pnf1fvtvp49jsyaftal60122,0.30529296875,0.30529296875
13c2ur549vohc0jat2ewk4eyyh1,0.308,0.308
13c2ur549vohc0jat2ewj4eycc2,0.308,0.308
13c2ur549vohc0jat2dvt3xrmw2,0.27799999713898,0.27799999713898
13c2ur549vohc0jat2dvu3xs7q1,0.27799999713898,0.27799999713898
13c2ur549vohc0jat2dvu3xs2y1,0.27799999713898,0.27799999713898
